PLAYER NAME,AGE
Lamar Jackson,28
Josh Allen,29
Jalen Hurts,27
Ja'Marr Chase,25
Patrick Mahomes II,30
Jayden Daniels,24
Drake Maye,23
Joe Burrow,28
Justin Jefferson,26
Justin Herbert,27
Puka Nacua,24
Bijan Robinson,23
CeeDee Lamb,26
Caleb Williams,23
Jahmyr Gibbs,23
Bo Nix,25
Jaxon Smith-Njigba,23
Amon-Ra St. Brown,26
Baker Mayfield,30
Rashee Rice,25
Jordan Love,27
Ashton Jeanty,21
Malik Nabers,22
Brock Bowers,22
Jonathan Taylor,26
Drake London,24
Nico Collins,26
C.J. Stroud,24
Jaxson Dart,22
De'Von Achane,24
Omarion Hampton,22
Tetairoa McMillan,22
Emeka Egbuka,23
Bucky Irving,23
Garrett Wilson,25
James Cook III,26
Saquon Barkley,28
Rome Odunze,23
Ladd McConkey,24
Dak Prescott,32
Trevor Lawrence,26
Brock Purdy,25
Trey McBride,25
Brian Thomas Jr.,23
Marvin Harrison Jr.,23
Tyler Warren,23
A.J. Brown,28
Christian McCaffrey,29
Quinshon Judkins,22
Kyler Murray,28
Breece Hall,24
Zay Flowers,25
Jared Goff,31
Josh Jacobs,27
Tee Higgins,26
Xavier Worthy,22
DK Metcalf,27
Kyren Williams,25
J.J. McCarthy,22
Sam LaPorta,24
George Pickens,24
Travis Hunter,22
DeVonta Smith,27
Tucker Kraft,25
Chase Brown,25
Jaylen Waddle,26
Oronde Gadsden II,22
Daniel Jones,28
Chris Olave,25
Cam Ward,23
Derrick Henry,31
Davante Adams,32
Jordan Addison,23
Kenneth Walker III,25
Harold Fannin Jr.,21
Michael Pittman Jr.,28
George Kittle,32
Sam Darnold,28
Dalton Kincaid,26
Terry McLaurin,30
Michael Penix Jr.,25
DJ Moore,28
Cam Skattebo,23
Ricky Pearsall,25
Courtland Sutton,30
RJ Harvey,24
Bryce Young,24
TreVeyon Henderson,23
Matthew Stafford,37
Colston Loveland,21
Jaylen Warren,27
Tua Tagovailoa,27
Jameson Williams,24
Josh Downs,24
Matthew Golden,22
D'Andre Swift,26
Luther Burden III,21
Javonte Williams,25
Jacory Croskey-Merritt,24
Khalil Shakir,25
Mike Evans,32
Deebo Samuel Sr.,29
T.J. Hockenson,28
Jake Ferguson,26
David Njoku,29
Travis Etienne Jr.,26
Brandon Aiyuk,27
Mason Taylor,21
Trey Benson,23
Jakobi Meyers,29
David Montgomery,28
Justin Fields,26
Jerry Jeudy,26
Kyle Pitts Sr.,25
Wan'Dale Robinson,24
Quentin Johnston,24
Chris Godwin Jr.,29
Geno Smith,35
Alvin Kamara,30
Mark Andrews,30
Dallas Goedert,30
Jauan Jennings,28
Woody Marks,24
Rashid Shaheed,27
Tony Pollard,28
Jayden Reed,25
Keon Coleman,22
Jayden Higgins,22
Tory Horton,22
Chuba Hubbard,26
Stefon Diggs,31
Rico Dowdle,27
Calvin Ridley,30
Dillon Gabriel,24
Aaron Rodgers,41
Jaylin Noel,23
Isaiah Likely,25
Elic Ayomanor,22
Travis Kelce,36
Zach Charbonnet,24
Bhayshul Tuten,23
Jordan Mason,26
Tyler Shough,26
Troy Franklin,22
J.K. Dobbins,26
Aaron Jones Sr.,30
Romeo Doubs,25
Marvin Mims Jr.,23
Keenan Allen,33
Tre Harris,23
Isiah Pacheco,26
Darnell Mooney,28
Tyrone Tracy Jr.,25
Brenton Strange,24
Rhamondre Stevenson,27
Jalen Milroe,22
Evan Engram,31
Kaleb Johnson,22
Jack Bech,22
Cedric Tillman,25
Tyjae Spears,24
Jalen McMillan,23
Elijah Arroyo,22
Kayshon Boutte,23
Rashod Bateman,25
Cooper Kupp,32
James Conner,30
Alec Pierce,25
Jalen Coker,24
Ollie Gordon II,21
Cade Otton,26
Marquise Brown,28
Pat Bryant,22
Christian Watson,26
Dylan Sampson,21
Jonnu Smith,30
Kyle Monangai,23
Hunter Henry,30
Kyle Williams,23
Xavier Legette,24
Theo Johnson,24
Rachaad White,26
Braelon Allen,21
Terrance Ferguson,22
Christian Kirk,28
Isaac TeSlaa,23
Tank Bigsby,23
Brashard Smith,22
Zach Ertz,35
DeMario Douglas,24
Dalton Schultz,29
Adonai Mitchell,23
Jalen Royals,22
Tyreek Hill,31
Ja'Tavion Sanders,22
Tank Dell,26
Jaydon Blue,21
Pat Freiermuth,27
Ray Davis,26
Chig Okonkwo,26
Brian Robinson Jr.,26
Joe Mixon,29
Malik Washington,24
Juwan Johnson,29
Blake Corum,24
Tre Tucker,24
Noah Gray,26
DJ Giddens,22
Dontayvion Wicks,24
Anthony Richardson Sr.,23
Kimani Vidal,24
Parker Washington,23
Tyler Allgeier,25
Joshua Palmer,26
Isaac Guerendo,25
DeAndre Hopkins,33
Jarquez Hunter,22
Najee Harris,27
Nick Chubb,29
Devin Neal,22
Tez Johnson,23
Isaiah Bond,21
Tahj Brooks,23
Roschon Johnson,24
Ben Sinnott,23
Dont'e Thornton Jr.,22
Savion Williams,23
Kendre Miller,23
AJ Barner,23
Darius Slayton,28
Jaylen Wright,22
Calvin Austin III,26
Michael Wilson,25
Joe Flacco,40
Kareem Hunt,30
Tyler Higbee,32
Andrei Iosivas,26
Roman Wilson,24
MarShawn Lloyd,24
Jerome Ford,26
Jonathon Brooks,22
Jalen Tolbert,26
Cole Kmet,26
Michael Mayer,24
Trevor Etienne,21
Noah Fant,27
Jordan Whittington,25
Chimere Dike,23
Will Shipley,23
Shedeur Sanders,23
Kendrick Bourne,30
Luke McCaffrey,24
Spencer Rattler,25
Ja'Lynn Polk,23
Isaiah Davis,23
Elijah Moore,25
Kenneth Gainwell,26
Mike Gesicki,30
Gunnar Helm,23
Keaton Mitchell,23
Nick Westbrook-Ikhine,28
Olamide Zaccheaus,28
Adam Thielen,35
Jaylin Lane,23
Devin Singletary,28
Russell Wilson,36
Chris Rodriguez Jr.,26
Miles Sanders,28
Zonovan Knight,24
Devaughn Vele,27
Luke Musgrave,25
Sean Tucker,24
Jermaine Burton,24
Austin Ekeler,30
Tyler Lockett,33
Jaleel McLaughlin,25
Jordan James,21
Samaje Perine,30
Javon Baker,23
Brandin Cooks,32
John Metchie III,25
Curtis Samuel,29
Jalin Hyatt,24
Jahan Dotson,25
Darnell Washington,24
Will Howard,24
Taysom Hill,35
Malachi Corley,23
Devontez Walker,24
Antonio Gibson,27
Cade Stover,25
Elijah Mitchell,27
KeAndre Lambert-Smith,24
Audric Estime,22
Tyler Conklin,30
Will Levis,26
Diontae Johnson,29
Efton Chism III,24
Kirk Cousins,37
Justice Hill,28
Raheim Sanders,23
Quinn Ewers,22
Tai Felton,22
Xavier Restrepo,23
Donovan Edwards,22
Raheem Mostert,33
Nick Nash,25
Ty Chandler,27
Dameon Pierce,25
LeQuint Allen Jr.,21
Will Dissly,29
Alexander Mattison,27
Zamir White,26
Kalel Mullings,23
Damien Martinez,21
A.J. Dillon,27
Ty Johnson,28
Emanuel Wilson,26
Mason Rudolph,30
Kenny Pickett,27
Rasheen Ali,24
Ricky White III,23
Cam Akers,26
Tutu Atwell,26
Jameis Winston,31
Jake Bobo,27
Erick All Jr.,25
