Team,Player
Baumfahler90,C.J. Stroud
Baumfahler90,Drake Maye
Baumfahler90,Derrick Henry
Baumfahler90,Josh Jacobs
Baumfahler90,Tyjae Spears
Baumfahler90,T.J. Hockenson
Baumfahler90,DeVonta Smith
Baumfahler90,Ja'Marr Chase
Baumfahler90,Quentin Johnston
Baumfahler90,Romeo Doubs
Baumfahler90,J.J. McCarthy
Baumfahler90,Matthew Stafford
Baumfahler90,Dylan Sampson
Baumfahler90,Nick Chubb
Baumfahler90,Ray Davis
Baumfahler90,Travis Etienne
Baumfahler90,Dalton Kincaid
Baumfahler90,Mark Andrews
Baumfahler90,Elijah Moore
Baumfahler90,Luther Burden
Baumfahler90,Terry McLaurin
Baumfahler90,Troy Franklin
billcthree,Justin Herbert
billcthree,Tyler Huntley
billcthree,Cam Skattebo
billcthree,James Cook
billcthree,Jaylen Warren
billcthree,Oronde Gadsden
billcthree,Jordan Addison
billcthree,Keenan Allen
billcthree,Ladd McConkey
billcthree,Rashee Rice
billcthree,Andy Dalton
billcthree,Brock Purdy
billcthree,Dillon Gabriel
billcthree,Jacoby Brissett
billcthree,Lamar Jackson
billcthree,Chuba Hubbard
billcthree,Isiah Pacheco
billcthree,Kaleb Johnson
billcthree,Will Shipley
billcthree,Woody Marks
billcthree,Brock Bowers
billcthree,Brandon Aiyuk
billcthree,Christian Kirk
billcthree,Garrett Wilson
billcthree,Keon Coleman
billcthree,Puka Nacua
billcthree,Savion Williams
billcthree,Tre Tucker
billcthree,Wan'Dale Robinson
jayrad429,Caleb Williams
jayrad429,Marcus Mariota
jayrad429,Bijan Robinson
jayrad429,De'Von Achane
jayrad429,Tyler Allgeier
jayrad429,Jake Ferguson
jayrad429,Zach Ertz
jayrad429,Chimere Dike
jayrad429,Darnell Mooney
jayrad429,Kendrick Bourne
jayrad429,Jalen Milroe
jayrad429,Sam Darnold
jayrad429,Trevor Lawrence
jayrad429,Bhayshul Tuten
jayrad429,Kendre Miller
jayrad429,Trevor Etienne
jayrad429,Colston Loveland
jayrad429,Terrance Ferguson
jayrad429,Theo Johnson
jayrad429,Brian Thomas
jayrad429,Calvin Ridley
jayrad429,Cedric Tillman
jayrad429,Jalen McMillan
jayrad429,Jaylin Lane
jayrad429,Mike Evans
jayrad429,Nico Collins
jayrad429,Ricky Pearsall
jayrad429,Travis Hunter
jayrad429,Xavier Hutchinson
Indanity,Buffalo Bills
Indanity,Jordan Love
Indanity,Patrick Mahomes
Indanity,Breece Hall
Indanity,Quinshon Judkins
Indanity,TreVeyon Henderson
Indanity,Tucker Kraft
Indanity,Matthew Golden
Indanity,Tee Higgins
Indanity,Tetairoa McMillan
Indanity,Xavier Legette
Indanity,Malik Willis
Indanity,Shedeur Sanders
Indanity,Will Levis
Indanity,Jahmyr Gibbs
Indanity,Kalel Mullings
Indanity,Keaton Mitchell
Indanity,MarShawn Lloyd
Indanity,Zonovan Knight
Indanity,AJ Barner
Indanity,Christian Watson
Indanity,Dontayvion Wicks
Indanity,Isaiah Bond
Indanity,Jalin Hyatt
Indanity,Jameson Williams
Indanity,Jayden Higgins
Indanity,Jimmy Horn
Indanity,Luke McCaffrey
Indanity,Tyquan Thornton
DASOmega,Carson Wentz
DASOmega,Mac Jones
DASOmega,D'Andre Swift
DASOmega,Jonathan Taylor
DASOmega,Rhamondre Stevenson
DASOmega,Rico Dowdle
DASOmega,Tyler Warren
DASOmega,Jaylen Waddle
DASOmega,Jerry Jeudy
DASOmega,Stefon Diggs
DASOmega,Bryce Young
DASOmega,Joe Burrow
DASOmega,Kyler Murray
DASOmega,Braelon Allen
DASOmega,Bucky Irving
DASOmega,Jaylen Wright
DASOmega,Michael Carter
DASOmega,Trey Benson
DASOmega,Elijah Arroyo
DASOmega,Hunter Henry
DASOmega,Trey McBride
DASOmega,A.J. Brown
DASOmega,Amon-Ra St. Brown
DASOmega,Jalen Royals
DASOmega,Jayden Reed
DASOmega,Kayshon Boutte
DASOmega,Malik Nabers
DASOmega,Pat Bryant
DASOmega,Tory Horton
graffytaffy1,Daniel Jones
graffytaffy1,Jalen Hurts
graffytaffy1,Kimani Vidal
graffytaffy1,RJ Harvey
graffytaffy1,Pat Freiermuth
graffytaffy1,Alec Pierce
graffytaffy1,Emeka Egbuka
graffytaffy1,Marvin Mims
graffytaffy1,Rashid Shaheed
graffytaffy1,Rome Odunze
graffytaffy1,Cam Ward
graffytaffy1,Deshaun Watson
graffytaffy1,Joe Milton
graffytaffy1,Spencer Rattler
graffytaffy1,Tyler Shough
graffytaffy1,Alexander Mattison
graffytaffy1,Blake Corum
graffytaffy1,David Montgomery
graffytaffy1,Devin Neal
graffytaffy1,Emanuel Wilson
graffytaffy1,Joe Mixon
graffytaffy1,Kenneth Gainwell
graffytaffy1,Brenton Strange
graffytaffy1,Sam LaPorta
graffytaffy1,Adonai Mitchell
graffytaffy1,DeAndre Hopkins
graffytaffy1,Devontez Walker
graffytaffy1,Joshua Palmer
graffytaffy1,Kyle Williams
tis2raw,Baker Mayfield
tis2raw,Joe Flacco
tis2raw,J.K. Dobbins
tis2raw,Javonte Williams
tis2raw,Rachaad White
tis2raw,George Kittle
tis2raw,CeeDee Lamb
tis2raw,Chris Olave
tis2raw,George Pickens
tis2raw,Justin Jefferson
tis2raw,Jayden Daniels
tis2raw,Aaron Jones
tis2raw,Brashard Smith
tis2raw,Jacory Croskey-Merritt
tis2raw,James Conner
tis2raw,Tony Pollard
tis2raw,Harold Fannin
tis2raw,Juwan Johnson
tis2raw,Kyle Pitts
tis2raw,Mason Taylor
tis2raw,Cooper Kupp
tis2raw,Davante Adams
tis2raw,Jauan Jennings
tis2raw,Jaylin Noel
tis2raw,Marquise Brown
DmoElite,Aaron Rodgers
DmoElite,Dak Prescott
DmoElite,Chase Brown
DmoElite,Justice Hill
DmoElite,Saquon Barkley
DmoElite,David Njoku
DmoElite,Courtland Sutton
DmoElite,DJ Moore
DmoElite,Elic Ayomanor
DmoElite,Zay Flowers
DmoElite,Anthony Richardson
DmoElite,Geno Smith
DmoElite,Justin Fields
DmoElite,DJ Giddens
DmoElite,Jaydon Blue
DmoElite,Kareem Hunt
DmoElite,Kenneth Walker
DmoElite,Kyle Monangai
DmoElite,Cole Kmet
DmoElite,Ja'Tavion Sanders
DmoElite,Hunter Renfrow
DmoElite,Josh Downs
DmoElite,Marvin Harrison
DmoElite,Tez Johnson
DmoElite,Tyreek Hill
Etrain321,Bo Nix
Etrain321,Josh Allen
Etrain321,Chris Rodriguez
Etrain321,Samaje Perine
Etrain321,Cade Otton
Etrain321,Dallas Goedert
Etrain321,DK Metcalf
Etrain321,Drake London
Etrain321,Khalil Shakir
Etrain321,Michael Pittman
Etrain321,Jared Goff
Etrain321,Tanner McKee
Etrain321,Brian Robinson
Etrain321,Isaiah Davis
Etrain321,Jarquez Hunter
Etrain321,Jonathon Brooks
Etrain321,Kyren Williams
Etrain321,Omarion Hampton
Etrain321,Zach Charbonnet
Etrain321,Evan Engram
Etrain321,Chris Godwin
Etrain321,Demarcus Robinson
Etrain321,Dont'e Thornton
Etrain321,Jakobi Meyers
Etrain321,Olamide Zaccheaus
Etrain321,Sterling Shepard
Etrain321,Tre' Harris
Kroge27,Jaxson Dart
Kroge27,Michael Penix
Kroge27,Alvin Kamara
Kroge27,Christian McCaffrey
Kroge27,Jordan Mason
Kroge27,Travis Kelce
Kroge27,Darius Slayton
Kroge27,Deebo Samuel
Kroge27,Malik Washington
Kroge27,Xavier Worthy
Kroge27,Kirk Cousins
Kroge27,Quinn Ewers
Kroge27,Russell Wilson
Kroge27,Tua Tagovailoa
Kroge27,Ashton Jeanty
Kroge27,Ollie Gordon
Kroge27,Tyrone Tracy
Kroge27,Dalton Schultz
Kroge27,Darren Waller
Kroge27,Jonnu Smith
Kroge27,Calvin Austin
Kroge27,Isaac TeSlaa
Kroge27,Jack Bech
Kroge27,Jalen Coker
Kroge27,Jaxon Smith-Njigba
Kroge27,Rashod Bateman
Kroge27,Tank Dell
